Number,Region,Name,Type 1,Type 2,HP,Attack,Defence,Sp Attack,Sp Defence,Speed,Move 1,Move 2,Move 3,Move 4,Description
1,Kanto,Bulbasaur,Grass,Poison,105,49,49,65,65,45,Tackle,Vine Whip,Growl,,"Bulbasaur can be seen napping in bright sunlight. There is a seed on its back. By soaking up the sun's rays, the seed grows progressively larger. "
2,Kanto,Ivysaur,Grass,Poison,120,62,63,80,80,60,Tackle,Vine Whip,Growl,,"There is a bud on this Pokémon's back. To support its weight, Ivysaur's legs and trunk grow thick and strong. If it starts spending more time lying in the sunlight, it's a sign that the bud will bloom into a large flower soon. "
3,Kanto,Venusaur,Grass,Poison,140,82,83,100,100,80,Tackle,Vine Whip,Razor Leaf,Growl,There is a large flower on Venusaur's back. The flower is said to take on vivid colors if it gets plenty of nutrition and sunlight. The flower's aroma soothes the emotions of people. 
4,Kanto,Charmander,Fire,,99,52,43,60,50,65,Scratch,Ember,Growl,,"The flame that burns at the tip of its tail is an indication of its emotions. The flame wavers when Charmander is enjoying itself. If the Pokémon becomes enraged, the flame burns fiercely. "
5,Kanto,Charmeleon,Fire,,118,64,58,80,65,80,Scratch,Ember,Growl,,"Charmeleon mercilessly destroys its foes using its sharp claws. If it encounters a strong foe, it turns aggressive. In this excited state, the flame at the tip of its tail flares with a bluish white color. "
6,Kanto,Charizard,Fire,Flying,138,84,78,109,85,100,Scratch,Ember,Flamethrower,Growl,"Charizard flies around the sky in search of powerful opponents. It breathes fire of such great heat that it melts anything. However, it never turns its fiery breath on any opponent weaker than itself. "
7,Kanto,Squirtle,Water,,104,48,65,50,64,43,Tackle,Bubble,Tail Whip,,"Squirtle's shell is not merely used for protection. The shell's rounded shape and the grooves on its surface help minimize resistance in water, enabling this Pokémon to swim at high speeds. "
8,Kanto,Wartortle,Water,,119,63,80,65,80,58,Tackle,Bubble,Tail Whip,,"Its tail is large and covered with a rich, thick fur. The tail becomes increasingly deeper in color as Wartortle ages. The scratches on its shell are evidence of this Pokémon's toughness as a battler. "
9,Kanto,Blastoise,Water,,139,83,100,85,105,78,Tackle,Bubble,Hydro Pump,Tail Whip,Blastoise has water spouts that protrude from its shell. The water spouts are very accurate. They can shoot bullets of water with enough accuracy to strike empty cans from a distance of over 160 feet. 
10,Kanto,Caterpie,Bug,,105,30,35,20,20,45,Tackle,String Shot,,,"Caterpie has a voracious appetite. It can devour leaves bigger than its body right before your eyes. From its antenna, this Pokémon releases a terrifically strong odor. "
11,Kanto,Metapod,Bug,,110,20,55,25,25,30,Tackle,String Shot,Harden,,The shell covering this Pokémon's body is as hard as an iron slab. Metapod does not move very much. It stays still because it is preparing its soft innards for evolution inside the hard shell. 
12,Kanto,Butterfree,Bug,Flying,120,45,50,80,80,70,Gust,Confusion,String Shot,Psybeam,"Butterfree has a superior ability to search for delicious honey from flowers. It can even search out, extract, and carry honey from flowers that are blooming over six miles from its nest. "
13,Kanto,Weedle,Bug,Poison,100,35,30,20,20,50,Poison Sting,String Shot,,,Weedle has an extremely acute sense of smell. It is capable of distinguishing its favorite kinds of leaves from those it dislikes just by sniffing with its big red proboscis (nose). 
14,Kanto,Kakuna,Bug,Poison,105,25,50,25,25,35,Poison Sting,String Shot,Harden,,"Kakuna remains virtually immobile as it clings to a tree. However, on the inside, it is extremely busy as it prepares for its coming evolution. This is evident from how hot the shell becomes to the touch. "
15,Kanto,Beedrill,Bug,Poison,125,80,40,45,80,75,Poison Sting,String Shot,Harden,Agility,"Beedrill is extremely territorial. No one should ever approach its nest-this is for their own safety. If angered, they will attack in a furious swarm. "
16,Kanto,Pidgey,Normal,Flying,100,45,40,35,35,56,Tackle,Gust,Sand Attack,,"Pidgey has an extremely sharp sense of direction. It is capable of unerringly returning home to its nest, however far it may be removed from its familiar surroundings. "
17,Kanto,Pidgeotto,Normal,Flying,123,60,55,50,50,71,Tackle,Gust,Wing Attack,,"Pidgeotto claims a large area as its own territory. This Pokémon flies around, patrolling its living space. If its territory is violated, it shows no mercy in thoroughly punishing the foe with its sharp claws. "
18,Kanto,Pidgeot,Normal,Flying,143,80,75,70,70,91,Tackle,Gust,Wing Attack,Agility,"This Pokémon has a dazzling plumage of beautifully glossy feathers. Many Trainers are captivated by the striking beauty of the feathers on its head, compelling them to choose Pidgeot as their Pokémon. "
19,Kanto,Rattata,Normal,,90,56,35,25,35,72,Tackle,Tail Whip,,,"Rattata is cautious in the extreme. Even while it is asleep, it constantly listens by moving its ears around. It is not picky about where it lives-it will make its nest anywhere. "
20,Kanto,Raticate,Normal,,115,81,60,50,70,97,Tackle,Tail Whip,Bite,Hyper Fang,"Raticate's sturdy fangs grow steadily. To keep them ground down, it gnaws on rocks and logs. It may even chew on the walls of houses. "
21,Kanto,Spearow,Normal,Flying,100,60,30,31,31,70,Peck,Growl,Leer,,"Spearow has a very loud cry that can be heard over half a mile away. If its high, keening cry is heard echoing all around, it is a sign that they are warning each other of danger. "
22,Kanto,Fearow,Normal,Flying,125,90,65,61,61,100,Peck,Growl,Leer,Drill Peck,Fearow is recognized by its long neck and elongated beak. They are conveniently shaped for catching prey in soil or water. It deftly moves its long and skinny beak to pluck prey. 
23,Kanto,Ekans,Poison,,95,60,44,40,54,55,Leer,Poison Sting,,,Ekans curls itself up in a spiral while it rests. Assuming this position allows it to quickly respond to a threat from any direction with a glare from its upraised head. 
24,Kanto,Arbok,Poison,,120,85,69,65,79,80,Leer,Poison Sting,Bite,Poison Jab,"This Pokémon is terrifically strong in order to constrict things with its body. It can even flatten steel oil drums. Once Arbok wraps its body around its foe, escaping its crunching embrace is impossible. "
25,Kanto,Pikachu,Electric,,95,55,30,50,40,90,Quick Attack,Growl,Thunderbolt,,This Pokémon has electricity-storing pouches on its cheeks. These appear to become electrically charged during the night while Pikachu sleeps. It occasionally discharges electricity when it is dozy after waking up. 
26,Kanto,Raichu,Electric,,120,90,55,90,80,100,Quick Attack,Growl,Thunderbolt,Thunder,"If the electrical sacs become excessively charged, Raichu plants its tail in the ground and discharges. Scorched patches of ground will be found near this Pokémon's nest. "
27,Kanto,Sandshrew,Ground,,110,75,85,20,30,40,Scratch,Defence Curl,Sand Attack,,"Sandshrew's body is configured to absorb water without waste, enabling it to survive in an arid desert. This Pokémon curls up to protect itself from its enemies. "
28,Kanto,Sandslash,Ground,,135,100,110,45,55,65,Scratch,Defence Curl,Slash,Earthquake,"Sandslash can roll up its body as if it were a ball covered with large spikes. In battle, this Pokémon will try to make the foe flinch by jabbing it with its spines. It then leaps at the stunned foe to tear wildly with its sharp claws. "
29,Kanto,Nidoran f,Poison,,115,47,52,40,40,41,Scratch,Growl,,,"Nidoran f has barbs that secrete a powerful poison. They are thought to have developed as protection for this small-bodied Pokémon. When enraged, it releases a horrible toxin from its horn. "
30,Kanto,Nidorina,Poison,,130,62,67,55,55,56,Scratch,Growl,Poison Sting,,"When Nidorina are with their friends or family, they keep their barbs tucked away to prevent hurting each other. This Pokémon appears to become nervous if separated from the others. "
31,Kanto,Nidoqueen,Poison,Ground,150,82,87,75,85,76,Scratch,Growl,Poison Sting,Earthquake,Nidoqueen's body is encased in extremely hard scales. It is adept at sending foes flying with harsh tackles. This Pokémon is at its strongest when it is defending its young. 
32,Kanto,Nidoran m,Poison,,106,57,40,40,40,50,Scratch,Growl,,,"Nidoran m has developed muscles for moving its ears. Thanks to them, the ears can be freely moved in any direction. Even the slightest sound does not escape this Pokémon's notice. "
33,Kanto,Nidorino,Poison,,121,72,57,55,55,65,Scratch,Growl,Poison Sting,,"Nidorino has a horn that is harder than a diamond. If it senses a hostile presence, all the barbs on its back bristle up at once, and it challenges the foe with all its might. "
34,Kanto,Nidoking,Poison,Ground,141,92,77,85,75,85,Scratch,Growl,Poison Sting,Earthquake,"Nidoking's thick tail packs enormously destructive power. With one swing, it can topple a metal transmission tower. Once this Pokémon goes on a rampage, there is no stopping it. "
35,Kanto,Clefairy,Fairy,,130,45,48,60,65,35,Growl,Pound,Defence Curl,,"On every night of a full moon, groups of this Pokémon come out to play. When dawn arrives, the tired Clefairy return to their quiet mountain retreats and go to sleep nestled up against each other. "
36,Kanto,Clefable,Fairy,,155,70,73,85,90,60,Growl,Pound,Defence Curl,Moonblast,"Clefable moves by skipping lightly as if it were flying using its wings. Its bouncy step even lets it walk on water. It is known to take strolls on lakes on quiet, moonlit nights. "
37,Kanto,Vulpix,Fire,,98,41,40,50,65,65,Tackle,Tail Whip,Ember,,"Inside Vulpix's body burns a flame that never goes out. During the daytime, when the temperatures rise, this Pokémon releases flames from its mouth to prevent its body from growing too hot. "
38,Kanto,Ninetales,Fire,,133,76,75,81,100,100,Tackle,Tail Whip,Ember,Flamethrower,Legend has it that Ninetales came into being when nine wizards possessing sacred powers merged into one. This Pokémon is highly intelligent-it can understand human speech. 
39,Kanto,Jigglypuff,Normal,Fairy,175,45,20,45,25,20,Pound,Defence Curl,,,"When this Pokémon sings, it never pauses to breathe. If it is in a battle against an opponent that does not easily fall asleep, Jigglypuff cannot breathe, endangering its life. "
40,Kanto,Wigglytuff,Normal,Fairy,200,70,45,75,50,45,Pound,Defence Curl,Headbutt,Dazzling Gleam,"Wigglytuff's body is very flexible. By inhaling deeply, this Pokémon can inflate itself seemingly without end. Once inflated, Wigglytuff bounces along lightly like a balloon. "
41,Kanto,Zubat,Poison,Flying,100,45,35,30,40,55,Wing Attack,Confuse Ray,,,"Zubat avoids sunlight because exposure causes it to become unhealthy. During the daytime, it stays in caves or under the eaves of old houses, sleeping while hanging upside down. "
42,Kanto,Golbat,Poison,Flying,135,80,70,65,75,90,Wing Attack,Confuse Ray,Crunch,Air Slash,"Golbat bites down on prey with its four fangs and drinks the victim's blood. It becomes active on inky dark moonless nights, flying around to attack people and Pokémon. "
43,Kanto,Oddish,Grass,Poison,105,50,55,75,65,30,Growth,Absorb,,,"Oddish searches for fertile, nutrient-rich soil, then plants itself. During the daytime, while it is planted, this Pokémon's feet are thought to change shape and become similar to the roots of trees.. "
44,Kanto,Gloom,Grass,Poison,120,65,70,85,75,40,Acid,Absorb,Razor Leaf,,"From its mouth Gloom drips honey that smells absolutely horrible. Apparently, it loves the horrid stench. It sniffs the noxious fumes and then drools even more of its honey. "
45,Kanto,Vileplume,Grass,Poison,135,80,85,100,90,50,Acid,Growth,Razor Leaf,Petal Dance,"Vileplume has the world's largest petals. They are used to attract prey that are then doused with toxic spores. Once the prey are immobilized, this Pokémon catches and devours them. "
46,Kanto,Paras,Bug,Grass,95,70,55,45,55,25,Scratch,Growth,Absorb,,Paras has parasitic mushrooms growing on its back called tochukaso. They grow large by drawing nutrients from this Bug Pokémon host. They are highly valued as a medicine for extending life. 
47,Kanto,Parasect,Bug,Grass,120,95,80,60,80,30,Absorb,Growth,Slash,X-Scissor,"Parasect is known to infest large trees en masse and drain nutrients from the lower trunk and roots. When an infested tree dies, they move onto another tree all at once. "
48,Kanto,Venonat,Bug,Poison,120,55,50,40,55,45,Tackle,Confusion,,,"Venonat is said to have evolved with a coat of thin, stiff hair that covers its entire body for protection. It possesses large eyes that never fail to spot even miniscule prey. "
49,Kanto,Venomoth,Bug,Poison,130,65,60,90,75,90,Tackle,Confusion,Gust,Bug Buzz,"Venomoth is nocturnal-it is a Pokémon that only becomes active at night. Its favorite prey are small insects that gather around streetlights, attracted by the light in the darkness. "
50,Kanto,Diglett,Ground,,70,55,25,35,45,95,Scratch,Growl,,,"Diglett are raised in most farms. The reason is simple-wherever this Pokémon burrows, the soil is left perfectly tilled for planting crops. This soil is made ideal for growing delicious vegetables. "
51,Kanto,Dugtrio,Ground,,95,80,50,50,70,120,Scratch,Growl,Slash,Earthquake,"Dugtrio are actually triplets that emerged from one body. As a result, each triplet thinks exactly like the other two triplets. They work cooperatively to burrow endlessly. "
52,Kanto,Meowth,Normal,,100,35,35,50,40,90,Scratch,Growl,Pay Day,,"Meowth withdraws its sharp claws into its paws to slinkily sneak about without making any incriminating footsteps. For some reason, this Pokémon loves shiny coins that glitter with light. "
53,Kanto,Persian,Normal,,125,70,60,65,65,115,Scratch,Growl,Bite,Slash,Persian has six bold whiskers that give it a look of toughness. The whiskers sense air movements to determine what is in the Pokémon's surrounding vicinity. It becomes docile if grabbed by the whiskers. 
54,Kanto,Psyduck,Water,,110,52,48,65,50,55,Scratch,Tail Whip,Water Gun,,"Psyduck uses a mysterious power. When it does so, this Pokémon generates brain waves that are supposedly only seen in sleepers. This discovery spurred controversy among scholars. "
55,Kanto,Golduck,Water,,140,82,78,95,80,85,Scratch,Tail Whip,Hydro Pump,Psybeam,"Golduck is the fastest swimmer among all Pokémon. It swims effortlessly, even in a rough, stormy sea. It sometimes rescues people from wrecked ships floundering in high seas. "
56,Kanto,Mankey,Fighting,,100,80,35,35,45,70,Scratch,Leer,Karate Chop,,"When Mankey starts shaking and its nasal breathing turns rough, it's a sure sign that it is becoming angry. However, because it goes into a towering rage almost instantly, it is impossible for anyone to flee its wrath. "
57,Kanto,Primeape,Fighting,,125,105,60,60,70,95,Scratch,Leer,Karate Chop,Low Kick,"When Primeape becomes furious, its blood circulation is boosted. In turn, its muscles are made even stronger. However, it also becomes much less intelligent at the same time. "
58,Kanto,Growlithe,Fire,,115,70,45,70,50,60,Ember,Leer,Bite,,"Growlithe has a superb sense of smell. Once it smells anything, this Pokémon won't forget the scent, no matter what. It uses its advanced olfactory sense to determine the emotions of other living things. "
59,Kanto,Arcanine,Fire,,150,110,80,100,80,95,Ember,Leer,Bite,Flamethrower,"Arcanine is known for its high speed. It is said to be capable of running over 6,200 miles in a single day and night. The fire that blazes wildly within this Pokémon's body is its source of power. "
60,Kanto,Poliwag,Water,,100,50,40,40,40,90,Bubble,Pound,,,"Poliwag has a very thin skin. It is possible to see the Pokémon's spiral innards right through the skin. Despite its thinness, however, the skin is also very flexible. Even sharp fangs bounce right off it. "
61,Kanto,Poliwhirl,Water,,125,65,65,50,50,90,Bubble,Pound,Bubble Beam,,"The surface of Poliwhirl's body is always wet and slick with an oily fluid. Because of this greasy covering, it can easily slip and slide out of the clutches of any enemy in battle. "
62,Kanto,Poliwrath,Water,Fighting,150,85,95,70,90,70,Bubble,Pound,Bubble Beam,Low Kick,"Poliwrath's highly developed, brawny muscles never grow fatigued, however much it exercises. It is so tirelessly strong, this Pokémon can swim back and forth across the ocean without effort. "
63,Kanto,Abra,Psychic,,85,20,15,105,55,90,Confusion,,,,"Abra needs to sleep for eighteen hours a day. If it doesn't, this Pokémon loses its ability to use telekinetic powers. If it is attacked, Abra escapes using Teleport while it is still sleeping. "
64,Kanto,Kadabra,Psychic,,100,35,30,120,70,105,Confusion,Psybeam,,,"Kadabra holds a silver spoon in its hand. The spoon is used to amplify the alpha waves in its brain. Without the spoon, the Pokémon is said to be limited to half the usual amount of its telekinetic powers. "
65,Kanto,Alakazam,Psychic,,115,50,45,135,85,120,Confusion,Psybeam,Calm Mind,Psychic,"Alakazam's brain continually grows, infinitely multiplying brain cells. This amazing brain gives this Pokémon an astoundingly high IQ of 5,000. It has a thorough memory of everything that has occurred in the world. "
66,Kanto,Machop,Fighting,,130,80,50,35,35,35,Low Kick,Leer,,,Machop's muscles are special-they never get sore no matter how much they are used in exercise. This Pokémon has sufficient power to hurl a hundred adult humans. 
67,Kanto,Machoke,Fighting,,140,100,70,50,60,45,Low Kick,Leer,Karate Chop,,"Machoke undertakes bodybuilding every day even as it helps people with tough, physically demanding labor. On its days off, this Pokémon heads to the fields and mountains to exercise and train. "
68,Kanto,Machamp,Fighting,,150,130,80,65,85,55,Low Kick,Leer,Karate Chop,Brick Break,"Machamp has the power to hurl anything aside. However, trying to do any work requiring care and dexterity causes its arms to get tangled. This Pokémon tends to leap into action before it thinks. "
69,Kanto,Bellsprout,Grass,Poison,110,75,35,70,30,40,Vine Whip,Growth,,,"Bellsprout's thin and flexible body lets it bend and sway to avoid any attack, however strong it may be. From its mouth, this Pokémon spits a corrosive fluid that melts even iron. "
70,Kanto,Weepinbell,Grass,Poison,125,90,50,85,45,55,Vine Whip,Growth,Acid,,"Weepinbell has a large hook on its rear end. At night, the Pokémon hooks on to a tree branch and goes to sleep. If it moves around in its sleep, it may wake up to find itself on the ground. "
71,Kanto,Victreebel,Grass,Poison,80,105,65,100,60,70,Vine Whip,Growth,Acid,Razor Leaf,"Victreebel has a long vine that extends from its head. This vine is waved and flicked about as if it were an animal to attract prey. When an unsuspecting prey draws near, this Pokémon swallows it whole. "
72,Kanto,Tentacool,Water,Poison,100,40,35,50,100,70,Poison Sting,Bubble Beam,,,"Tentacool's body is largely composed of water. If it is removed from the sea, it dries up like parchment. If this Pokémon happens to become dehydrated, put it back into the sea. "
73,Kanto,Tentacruel,Water,Poison,140,70,65,80,120,100,Poison Sting,Bubble Beam,Poison Jab,Hydro Pump,Tentacruel has tentacles that can be freely elongated and shortened at will. It ensnares prey with its tentacles and weakens the prey by dosing it with a harsh toxin. It can catch up to 80 prey at the same time. 
74,Kanto,Geodude,Rock,Ground,100,80,100,30,30,20,Tackle,Defence Curl,,,"The longer a Geodude lives, the more its edges are chipped and worn away, making it more rounded in appearance. However, this Pokémon's heart will remain hard, craggy, and rough always. "
75,Kanto,Graveler,Rock,Ground,115,95,115,45,45,35,Tackle,Defence Curl,Rock Throw,,"Rocks are Graveler's favorite food. This Pokémon will climb a mountain from the base to the summit, crunchingly feasting on rocks all the while. Upon reaching the peak, it rolls back down to the bottom. "
76,Kanto,Golem,Rock,Ground,140,110,130,55,65,45,Tackle,Defence Curl,Rock Throw,Earthquake,"Golem is known for rolling down from mountains. To prevent them from rolling into the homes of people downhill, grooves have been dug into the sides of mountains to serve as guideways for diverting this Pokémon's course. "
77,Kanto,Ponyta,Fire,,110,85,55,65,65,90,Tackle,Growl,Ember,,Ponyta is very weak at birth. It can barely stand up. This Pokémon becomes stronger by stumbling and falling to keep up with its parent. 
78,Kanto,Rapidash,Fire,,125,100,70,90,90,105,Tackle,Growl,Ember,Fire Blast,"Rapidash usually can be seen casually cantering in the fields and plains. However, when this Pokémon turns serious, its fiery manes flare and blaze as it gallops its way up to 150 mph. "
79,Kanto,Slowpoke,Water,Psychic,150,65,65,40,40,15,Tackle,Growl,Water Gun,,"Slowpoke uses its tail to catch prey by dipping it in water at the side of a river. However, this Pokémon often forgets what it's doing and often spends entire days just loafing at water's edge. "
80,Kanto,Slowbro,Water,Psychic,155,75,110,100,80,30,Tackle,Growl,Water Gun,Psychic,"Slowbro's tail has a Shellder firmly attached with a bite. As a result, the tail can't be used for fishing anymore. This causes Slowbro to grudgingly swim and catch prey instead. "
81,Kanto,Magnemite,Electric,Steel,85,35,70,95,55,45,Tackle,Thunder Shock,,,"Magnemite attaches itself to power lines to feed on electricity. If your house has a power outage, check your circuit breakers. You may find a large number of this Pokémon clinging to the breaker box. "
82,Kanto,Magneton,Electric,Steel,110,60,95,120,70,70,Tackle,Thunder Shock,Thunderbolt,Flash Cannon,"Magneton emits a powerful magnetic force that is fatal to electronics and precision instruments. Because of this, it is said that some towns warn people to keep this Pokémon inside a Poké Ball. "
83,Kanto,Farfetch'd,Normal,Flying,112,65,55,58,62,60,Peck,Leer,Slash,Air Slash,"Farfetch'd is always seen with a stalk from a plant of some sort. Apparently, there are good stalks and bad stalks. This Pokémon has been known to fight with others over stalks. "
84,Kanto,Doduo,Normal,Flying,95,85,45,35,35,75,Peck,Growl,,,"Doduo's two heads never sleep at the same time. Its two heads take turns sleeping, so one head can always keep watch for enemies while the other one sleeps. "
85,Kanto,Dodrio,Normal,Flying,120,110,70,60,60,100,Peck,Growl,Agility,Drill Peck,"Apparently, the heads aren't the only parts of the body that Dodrio has three of. It has three sets of hearts and lungs as well, so it is capable of running long distances without rest. "
86,Kanto,Seel,Water,,125,45,55,45,70,45,Headbutt,Growl,Waterfall,,"Seel hunts for prey in the frigid sea underneath sheets of ice. When it needs to breathe, it punches a hole through the ice with the sharply protruding section of its head. "
87,Kanto,Dewgong,Water,Ice,150,70,80,70,95,70,Headbutt,Growl,Waterfall,Ice Beam,Dewgong loves to snooze on bitterly cold ice. The sight of this Pokémon sleeping on a glacier was mistakenly thought to be a mermaid by a mariner long ago. 
88,Kanto,Grimer,Poison,,140,80,50,40,50,25,Pound,Harden,,,Grimer emerged from the sludge that settled on a polluted seabed. This Pokémon loves anything filthy. It constantly leaks a horribly germ- infested fluid from all over its body. 
89,Kanto,Muk,Poison,,165,105,75,65,100,50,Pound,Harden,Acid Armor,Sludge,From Muk's body seeps a foul fluid that gives off a nose-bendingly horrible stench. Just one drop of this Pokémon's body fluid can turn a pool stagnant and rancid. 
90,Kanto,Shellder,Water,,90,65,100,45,25,40,Tackle,Water Gun,,,"At night, this Pokémon uses its broad tongue to burrow a hole in the seafloor sand and then sleep in it. While it is sleeping, Shellder closes its shell, but leaves its tongue hanging out. "
91,Kanto,Cloyster,Water,Ice,110,95,180,85,45,70,Tackle,Water Gun,Hydro Pump,Ice Beam,"Cloyster is capable of swimming in the sea. It does so by swallowing water, then jetting it out toward the rear. This Pokémon shoots spikes from its shell using the same system. "
92,Kanto,Gastly,Ghost,Poison,90,35,30,100,35,80,Lick,Leer,Confuse Ray,,"Gastly is largely composed of gaseous matter. When exposed to a strong wind, the gaseous body quickly dwindles away. Groups of this Pokémon cluster under the eaves of houses to escape the ravages of wind. "
93,Kanto,Haunter,Ghost,Poison,105,50,45,115,55,95,Lick,Confuse Ray,Dark Pulse,,"Haunter is a dangerous Pokémon. If one beckons you while floating in darkness, you must never approach it. This Pokémon will try to lick you with its tongue and steal your life away. "
94,Kanto,Gengar,Ghost,Poison,120,65,60,130,75,110,Lick,Confuse Ray,Dark Pulse,Shadow Ball,"Sometimes, on a dark night, your shadow thrown by a streetlight will suddenly and startlingly overtake you. It is actually a Gengar running past you, pretending to be your shadow. "
95,Kanto,Onix,Rock,Ground,95,45,160,30,45,70,Tackle,Harden,Rock Throw,Earthquake,"Onix has a magnet in its brain. It acts as a compass so that this Pokémon does not lose direction while it is tunneling. As it grows older, its body becomes increasingly rounder and smoother. "
96,Kanto,Drowzee,Psychic,,120,48,45,43,90,42,Pound,Confusion,,,"If your nose becomes itchy while you are sleeping, it's a sure sign that one of these Pokémon is standing above your pillow and trying to eat you dream through your nostrils. "
97,Kanto,Hypno,Psychic,,145,73,70,73,115,67,Pound,Confusion,Meditate,Psychic,"Hypno holds a pendulum in its hand. The arcing movement and glitter of the pendulum lull the foe into a deep state of hypnosis. While this Pokémon searches for prey, it polishes the pendulum. "
98,Kanto,Krabby,Water,,90,105,90,25,25,50,Bubble,Leer,,,"Krabby live on beaches, burrowed inside holes dug into the sand. On sandy beaches with little in the way of food, these Pokémon can be seen squabbling with each other over territory. "
99,Kanto,Kingler,Water,,115,130,115,50,50,75,Bubble,Leer,Bubble Beam,Crabhammer,"Kingler has an enormous, oversized claw. It waves this huge claw in the air to communicate with others. However, because the claw is so heavy, the Pokémon quickly tires. "
100,Kanto,Voltorb,Electric,,100,30,50,55,55,100,Tackle,Thunder Shock,,,Voltorb is extremely sensitive - it explodes at the slightest of shocks. It is rumored that it was first created when a Poké Ball was exposed to a powerful pulse of energy. 
101,Kanto,Electrode,Electric,,120,50,70,80,80,140,Tackle,Thunder Shock,Screech,Thunderbolt,One of Electrode's characteristics is its attraction to electricity. It is a problematical Pokémon that congregates mostly at electrical power plants to feed on electricity that has just been generated. 
102,Kanto,Exeggcute,Grass,Psychic,120,40,80,60,45,40,Headbutt,Confusion,,,"This Pokémon consists of six eggs that form a closely knit cluster. The six eggs attract each other and spin around. When cracks increasingly appear on the eggs, Exeggcute is close to evolution. "
103,Kanto,Exeggutor,Grass,Psychic,155,95,85,125,65,55,Headbutt,Confusion,Razor Leaf,Psychic,"Exeggutor originally came from the tropics. Its heads steadily grow larger from exposure to strong sunlight. It is said that when the heads fall off, they group together to form Exeggcute. "
104,Kanto,Cubone,Ground,,110,50,95,40,50,35,Growl,Headbutt,Bone Club,,"Cubone pines for the mother it will never see again. Seeing a likeness of its mother in the full moon, it cries. The stains on the skull the Pokémon wears are made by the tears it sheds. "
105,Kanto,Marowak,Ground,,120,80,110,50,80,45,Growl,Headbutt,Bone Club,Earthquake,Marowak is the evolved form of a Cubone that has overcome its sadness at the loss of its mother and grown tough. This Pokemon's tempered and hardened spirit is not easily broken. 
106,Kanto,Hitmonlee,Fighting,,110,120,53,35,110,87,Meditate,Brick Break,Jump Kick,Mega Kick,"Hitmonlee's legs freely contract and stretch. Using these springlike legs, it bowls over foes with devastating kicks. After battle, it rubs down its legs and loosens the muscles to overcome fatigue. "
107,Kanto,Hitmonchan,Fighting,,110,105,79,35,110,76,Agility,Thunder Punch,Fire Punch,Ice Punch,Hitmonchan is said to possess the spirit of a boxer who had been working toward a world championship. This Pokémon has an indomitable spirit and will never give up in the face of adversity. 
108,Kanto,Lickitung,Normal,,150,55,76,60,75,30,Lick,Acid,Stomp,Screech,"Whenever Lickitung comes across something new, it will unfailingly give it a lick. It does so because it memorizes things by texture and by taste. It is somewhat put off by sour things. "
109,Kanto,Koffing,Poison,,100,65,95,60,45,35,Tackle,Sludge,Smog,,"Koffing embodies toxic substances. It mixes the toxins with raw garbage to set off a chemical reaction that results in a terribly powerful Poison Gas. The higher the temperature, the more gas is concocted by this Pokémon. "
110,Kanto,Weezing,Poison,,125,90,120,85,70,60,Tackle,Sludge,Smog,Sludge Bomb,"Weezing alternately shrinks and inflates its twin bodies to mix together toxic gases inside. The more the gases are mixed, the more powerful the toxins become. The Pokémon also becomes more putrid. "
111,Kanto,Rhyhorn,Ground,Rock,140,85,95,30,30,25,Horn Attack,Tail Whip,,,"Rhyhorn runs in a straight line, smashing everything in its path. It is not bothered even if it rushes headlong into a block of steel. This Pokémon may feel some pain from the collision the next day, however. "
112,Kanto,Rhydon,Ground,Rock,165,130,120,45,45,40,Horn Attack,Tail Whip,Stomp,Earthquake,"Rhydon has a horn that serves as a drill. It is used for destroying rocks and boulders. This Pokémon occasionally rams into streams of magma, but the armor-like hide prevents it from feeling the heat. "
113,Kanto,Chansey,Normal,,310,5,5,35,105,50,Pound,Growl,Defence Curl,Egg Bomb,"Chansey lays nutritionally excellent eggs on an everyday basis. The eggs are so delicious, they are easily and eagerly devoured by even those people who have lost their appetite. "
114,Kanto,Tangela,Grass,,125,55,115,100,40,60,Confusion,Vine Whip,Growth,Power Whip,"Tangela's vines snap off easily if they are grabbed. This happens without pain, allowing it to make a quick getaway. The lost vines are replaced by newly grown vines the very next day. "
115,Kanto,Kangaskhan,Normal,,165,95,80,40,80,90,Leer,Headbutt,Bite,Mega Punch,"If you come across a young Kangaskhan playing by itself, you must never disturb it or attempt to catch it. The baby Pokémon's parent is sure to be in the area, and it will become violently enraged at you. "
116,Kanto,Horsea,Water,,90,40,70,70,25,60,Bubble,Leer,,,"If Horsea senses danger, it will reflexively spray a dense black ink from its mouth and try to escape. This Pokémon swims by cleverly flapping the fin on its back. "
117,Kanto,Seadra,Water,,115,65,95,95,45,85,Bubble,Leer,Agility,Hydro Pump,"Seadra generates whirlpools by spinning its body. The whirlpools are strong enough to swallow even fishing boats. This Pokémon weakens prey with these currents, then swallows it whole. "
118,Kanto,Goldeen,Water,,105,67,60,35,50,63,Peck,Tail Whip,Horn Attack,,"Goldeen loves swimming wild and free in rivers and ponds. If one of these Pokémon is placed in an aquarium, it will shatter even the thickest glass with one ram of its horn and make its escape. "
119,Kanto,Seaking,Water,,140,92,65,65,80,68,Peck,Tail Whip,Horn Attack,Waterfall,Seaking is very protective of its eggs. The male and female will take turns patrolling around their nest and eggs. The guarding of eggs by these Pokémon goes on for over a month. 
120,Kanto,Staryu,Water,,90,45,55,70,55,85,Tackle,Harden,Water Gun,,"Staryu apparently communicates with the stars in the night sky by flashing the red core at the center of its body. If parts of its body are torn, this Pokémon simply regenerates the missing pieces and limbs. "
121,Kanto,Starmie,Water,Psychic,120,75,85,100,85,115,Tackle,Harden,Hydro Pump,Psychic,Starmie swims through water by spinning its star-shaped body as if it were a propeller on a ship. The core at the center of this Pokémon's body glows in seven colors. 
122,Kanto,Mr. Mime,Psychic,Fairy,100,45,65,100,120,90,Pound,Confusion,Meditate,Psychic,"Mr. Mime is a master of pantomime. Its gestures and motions convince watchers that something unseeable actually exists. Once the watchers are convinced, the unseeable thing exists as if it were real. "
123,Kanto,Scyther,Bug,Flying,130,110,80,55,80,105,Double Team,Agility,Slash,X-Scissor,"Scyther is blindingly fast. Its blazing speed enhances the effectiveness of the twin scythes on its forearms. This Pokémon's scythes are so effective, they can slice through thick logs in one wicked stroke. "
124,Kanto,Jynx,Ice,Psychic,125,50,35,115,95,95,Pound,Lick,Ice Punch,Psychic,"Jynx walks rhythmically, swaying and shaking its hips as if it were dancing. Its motions are so bouncingly alluring, people seeing it are compelled to shake their hips without giving any thought to what they are doing. "
125,Kanto,Electabuzz,Electric,,125,83,57,95,85,105,Thunder Shock,Leer,Thunder Punch,Thunder,"When a storm arrives, gangs of this Pokémon compete with each other to scale heights that are likely to be stricken by lightning bolts. Some towns use Electabuzz in place of lightning rods. "
126,Kanto,Magmar,Fire,,125,95,57,100,85,93,Ember,Leer,Fire Punch,Flamethrower,"In battle, Magmar blows out intensely hot flames from all over its body to intimidate its opponent. This Pokémon's fiery bursts create heat waves that ignite grass and trees in its surroundings. "
127,Kanto,Pinsir,Bug,,125,125,100,55,70,85,Harden,Brick Break,Swords Dance,X-Scissor,"Pinsir has a pair of massive horns. Protruding from the surface of these horns are thorns. These thorns are driven deeply into the foe's body when the pincer closes, making it tough for the foe to escape. "
128,Kanto,Tauros,Normal,,135,100,95,40,70,110,Tackle,Horn Attack,Leer,Take Down,"This Pokémon is not satisfied unless it is rampaging at all times. If there is no opponent for Tauros to battle, it will charge at thick trees and knock them down to calm itself. "
129,Kanto,Magikarp,Water,,80,10,55,15,20,80,Tackle,,,,"Magikarp is virtually useless in battle as it can only splash around. As a result, it is considered to be weak. However, it is actually a very hardy Pokémon that can survive in any body of water no matter how polluted it is. "
130,Kanto,Gyarados,Water,Flying,155,125,79,60,100,81,Bite,Leer,Outrage,Hydro Pump,"When Magikarp evolves into Gyarados, its brain cells undergo a structural transformation. It is said that this transformation is to blame for this Pokémon's wildly violent nature. "
131,Kanto,Lapras,Water,Ice,190,85,80,85,95,60,Water Gun,Growl,Ice Beam,Blizzard,"People have driven Lapras almost to the point of extinction. In the evenings, this Pokémon is said to sing plaintively as it seeks what few others of its kind still remain. "
132,Kanto,Ditto,Normal,,108,48,48,48,48,48,Transform,,,,"Ditto rearranges its cell structure to transform itself into other shapes. However, if it tries to transform itself into something by relying on its memory, this Pokémon manages to get details wrong. "
133,Kanto,Eevee,Normal,,115,55,50,45,65,55,Tackle,Growl,Quick Attack,,Eevee has an unstable genetic makeup that suddenly mutates due to the environment in which it lives. Radiation from various stones causes this Pokémon to evolve. 
134,Kanto,Vaporeon,Water,,190,65,60,110,95,65,Quick Attack,Water Gun,Bite,Hydro Pump,Vaporeon underwent a spontaneous mutation and grew fins and gills that allow it to live underwater. This Pokémon has the ability to freely control water. 
135,Kanto,Jolteon,Electric,,125,65,60,110,95,130,Quick Attack,Thunder Shock,Bite,Thunder,"Jolteon's cells generate a low level of electricity. This power is amplified by the static electricity of its fur, enabling the Pokémon to drop thunderbolts. The bristling fur is made of electrically charged needles. "
136,Kanto,Flareon,Fire,,125,130,60,95,110,65,Quick Attack,Ember,Bite,Flamethrower,"Flareon's fluffy fur has a functional purpose-it releases heat into the air so that its body does not get excessively hot. This Pokémon's body temperature can rise to a maximum of 1,650 degrees Fahrenheit. "
137,Kanto,Porygon,Normal,,125,60,70,85,75,40,Tackle,Agility,Psybeam,Tri Attack,Porygon is capable of reverting itself entirely back to program data and entering cyberspace. This Pokémon is copy-protected so it cannot be duplicated by copying. 
138,Kanto,Omanyte,Rock,Water,95,40,100,90,55,35,Leer,Water Gun,,,"Omanyte is one of the ancient and long-since-extinct Pokémon that have been regenerated from fossils by people. If attacked by an enemy, it withdraws itself inside its hard shell. "
139,Kanto,Omastar,Rock,Water,130,60,125,115,70,55,Leer,Water Gun,Rock Throw,Hydro Pump,"Omastar uses its tentacles to capture its prey. It is believed to have become extinct because its shell grew too large and heavy, causing its movements to become too slow and ponderous. "
140,Kanto,Kabuto,Rock,Water,90,80,90,55,45,55,Scratch,Leer,,,"Kabuto is a Pokémon that has been regenerated from a fossil. However, in extremely rare cases, living examples have been discovered. The Pokémon has not changed at all for 300 million years. "
141,Kanto,Kabutops,Rock,Water,120,115,105,65,70,80,Slash,Leer,Rock Throw,Swords Dance,Kabutops swam underwater to hunt for its prey in ancient times. The Pokémon was apparently evolving from being a water-dweller to living on land as evident from the beginnings of change in its gills and legs. 
142,Kanto,Aerodactyl,Rock,Flying,140,105,65,60,75,130,Wing Attack,Bite,Rock Throw,Agility,Aerodactyl is a Pokémon from the age of dinosaurs. It was regenerated from genetic material extracted from amber. It is imagined to have been the king of the skies in ancient times. 
143,Kanto,Snorlax,Normal,,220,110,65,65,110,30,Tackle,Defence Curl,Headbutt,Body Slam,Snorlax's typical day consists of nothing more than eating and sleeping. It is such a docile Pokémon that there are children who use its expansive belly as a place to play. 
144,Kanto,Articuno,Ice,Flying,150,85,100,95,125,85,Gust,Leer,Ice Beam,Blizzard,"Articuno is a legendary bird Pokémon that can control ice. The flapping of its wings chills the air. As a result, it is said that when this Pokémon flies, snow will fall. "
145,Kanto,Zapdos,Electric,Flying,150,90,85,125,90,100,Peck,Leer,Thunderbolt,Thunder,Zapdos is a legendary bird Pokémon that has the ability to control electricity. It usually lives in thunderclouds. The Pokémon gains power if it is stricken by lightning bolts. 
146,Kanto,Moltres,Fire,Flying,150,100,90,125,85,90,Wing Attack,Leer,Ember,Flamethrower,"Moltres is a legendary bird Pokémon that has the ability to control fire. If this Pokémon is injured, it is said to dip its body in the molten magma of a volcano to burn and heal itself. "
147,Kanto,Dratini,Dragon,,101,64,45,50,50,50,Leer,Slam,,,Dratini continually molts and sloughs off its old skin. It does so because the life energy within its body steadily builds to reach uncontrollable levels. 
148,Kanto,Dragonair,Dragon,,121,84,65,70,70,70,Leer,Slam,Outrage,,Dragonair stores an enormous amount of energy inside its body. It is said to alter weather conditions in its vicinity by discharging energy from its crystals on its neck and tail. 
149,Kanto,Dragonite,Dragon,Flying,151,134,95,100,100,80,Leer,Slam,Outrage,Wing Attack,Dragonite is capable of circling the globe in just 16 hours. It is a kindhearted Pokémon that leads lost and foundering ships in a storm to the safety of land. 
150,Kanto,Mewtwo,Psychic,,166,110,90,154,90,130,Confusion,Agility,Calm Mind,Psychic,"Mewtwo is a Pokémon that was created by genetic manipulation. However, even though the scientific power of humans created this Pokémon's body, they failed to endow Mewtwo with a compassionate heart. "
151,Kanto,Mew,Psychic,,160,100,100,100,100,100,Pound,Confusion,Transform,Psychic,"Mew is said to possess the genetic composition of all Pokémon. It is capable of making itself invisible at will, so it entirely avoids notice even if it approaches people. "
152,Johto,Chikorita,Grass,,105,49,65,49,65,45,Tackle,Growl,Razor Leaf,,"In battle, Chikorita waves its leaf around to keep the foe at bay. However, a sweet fragrance also wafts from the leaf, becalming the battling Pokémon and creating a cozy, friendly atmosphere all around. "
153,Johto,Bayleef,Grass,,120,62,80,63,80,60,Tackle,Growl,Razor Leaf,Body Slam,Bayleef's neck is ringed by curled-up leaves. Inside each tubular leaf is a small shoot of a tree. The fragrance of this shoot makes people peppy. 
154,Johto,Meganium,Grass,,140,82,100,83,100,80,Tackle,Growl,Razor Leaf,Petal Blizzard,"The fragrance of Meganium's flower soothes and calms emotions. In battle, this Pokémon gives off more of its becalming scent to blunt the foe's fighting spirit. "
155,Johto,Cyndaquil,Fire,,99,52,43,60,50,65,Tackle,Leer,Ember,,"Cyndaquil protects itself by flaring up the flames on its back. The flames are vigorous if the Pokémon is angry. However, if it is tired, the flames sputter fitfully with incomplete combustion. "
156,Johto,Quilava,Fire,,118,64,58,80,65,80,Tackle,Leer,Ember,Double-Edge,Quilava keeps its foes at bay with the intensity of its flames and gusts of superheated air. This Pokémon applies its outstanding nimbleness to dodge attacks even while scorching the foes with flames. 
157,Johto,Typhlosion,Fire,,138,84,78,109,85,100,Tackle,Leer,Ember,Flamethrower,Typhlosion obscures itself behind a shimmering heat haze that it creates using its intensely hot flames. This Pokémon creates blazing explosive blasts that burn everything to cinders. 
158,Johto,Totodile,Water,,110,65,64,44,48,43,Scratch,Leer,Water Gun,,"Despite the smallness of its body, Totodile's jaws are very powerful. While the Pokémon may think it is just playfully nipping, its bite has enough power to cause serious injury. "
159,Johto,Croconaw,Water,,125,80,80,59,63,58,Scratch,Leer,Water Gun,Bite,"Once Croconaw has clamped its jaws on its foe, it will absolutely not let go. Because the tips of its fangs are forked back like barbed fishhooks, they become impossible to remove when they have sunk in. "
160,Johto,Ferakigatr,Water,,145,105,100,79,83,78,Scratch,Leer,Water Gun,Hydro Pump,"Feraligatr intimidates its foes by opening its huge mouth. In battle, it will kick the ground hard with its thick and powerful hind legs to charge at the foe at an incredible speed. "
161,Johto,Sentret,Normal,,95,46,34,35,45,20,Scratch,Defence Curl,,,"When Sentret sleeps, it does so while another stands guard. The sentry wakes the others at the first sign of danger. When this Pokémon becomes separated from its pack, it becomes incapable of sleep due to fear. "
162,Johto,Furret,Normal,,145,76,64,45,55,90,Scratch,Defence Curl,Slam,Sucker Punch,"Furret has a very slim build. When under attack, it can slickly squirm through narrow spaces and get away. In spite of its short limbs, this Pokémon is very nimble and fleet. "
163,Johto,Hoothoot,Normal,Flying,120,30,30,36,56,50,Tackle,Growl,Peck,,"Hoothoot has an internal organ that senses and tracks the earth's rotation. Using this special organ, this Pokémon begins hooting at precisely the same time every day. "
164,Johto,Noctowl,Normal,Flying,160,50,50,76,96,70,Tackle,Growl,Peck,Zen Headbutt,"Noctowl never fails at catching prey in darkness. This Pokémon owes its success to its superior vision that allows it to see in minimal light, and to its soft, supple wings that make no sound in flight. "
165,Johto,Ledyba,Bug,Flying,100,20,30,40,80,55,Tackle,Swift,Agility,,Ledyba secretes an aromatic fluid from where its legs join its body. This fluid is used for communicating with others. This Pokémon conveys its feelings to others by altering the fluid's scent. 
166,Johto,Ledian,Bug,Flying,115,35,50,55,110,85,Tackle,Swift,Agility,Bug Buzz,"It is said that in lands with clean air, where the stars fill the sky, there live Ledian in countless numbers. There is a good reason for this-the Pokémon uses the light of the stars as its energy. "
167,Johto,Spinarak,Bug,Poison,100,60,40,40,40,30,Poison Sting,String Shot,,,The web spun by Spinarak can be considered its second nervous system. It is said that this Pokémon can determine what kind of prey is touching its web just by the tiny vibrations it feels through the web's strands. 
168,Johto,Ariados,Bug,Poison,130,90,70,60,60,40,Poison Sting,String Shot,Sucker Punch,Poison Jab,Ariados's feet are tipped with tiny hooked claws that enable it to scuttle on ceilings and vertical walls. This Pokémon constricts the foe with thin and strong silk webbing. 
169,Johto,Crobat,Poison,Flying,145,90,80,70,80,130,Cross Poison,Confuse Ray,Wing Attack,Venoshock,"If this Pokémon is flying by fluttering only a pair of wings on either the forelegs or hind legs, it's proof that Crobat has been flying a long distance. It switches the wings it uses if it is tired. "
170,Johto,Chinchou,Water,Electric,135,38,38,56,56,67,Bubble,Spark,Thunder Wave,,Chinchou lets loose positive and negative electrical charges from its two antennas to make its prey faint. This Pokémon flashes its electric lights to exchange signals with others. 
171,Johto,Lanturn,Water,Electric,185,58,58,76,76,67,Bubble,Spark,Bubble Beam,Discharge,"Lanturn is known to emit light. If you peer down into the dark sea from a ship at night, you can sometimes see this Pokémon's light rising from the depths where it swims. It gives the sea an appearance of a starlit night. "
172,Johto,Pichu,Electric,,80,40,15,35,35,60,Thunder Shock,Charm,Thunder Wave,,Pichu charges itself with electricity more easily on days with thunderclouds or when the air is very dry. You can hear the crackling of static electricity coming off this Pokémon. 
173,Johto,Cleffa,Fairy,,110,25,28,45,55,15,Pound,Charm,,,"On nights with many shooting stars, Cleffa can be seen dancing in a ring. They dance through the night and stop only at the break of day, when these Pokémon quench their thirst with the morning dew. "
174,Johto,Igglybuff,Normal,Fairy,150,30,15,40,20,15,Pound,Charm,,,Igglybuff's vocal cords are not sufficiently developed. It would hurt its throat if it were to sing too much. This Pokémon gargles with freshwater from a clean stream. 
175,Johto,Togepi,Fairy,,95,20,65,40,65,20,Metronome,Charm,,,"As its energy, Togepi uses the positive emotions of compassion and pleasure exuded by people and Pokémon. This Pokémon then stores up feelings of happiness inside its shell, then shares them with others. "
176,Johto,Togetic,Fairy,Flying,115,40,85,80,105,40,Metronome,Charm,Fairy Wind,Double-Edge,"Togetic is said to be a Pokémon that brings good fortune. When the Pokémon spots someone who is pure of heart, it is said to appear and share its happiness with that person. "
177,Johto,Natu,Psychic,Flying,100,50,45,70,45,70,Peck,Leer,,,"Natu cannot fly because its wings are not yet fully grown. If your eyes meet with this Pokémon's eyes, it will stare back intently at you. But if you move even slightly, it will hop away to safety. "
178,Johto,Xatu,Psychic,Flying,125,75,70,95,70,95,Peck,Leer,Air Slash,Psychic,Xatu stands rooted and still in one spot all day long. People believe that this Pokémon does so out of fear of the terrible things it has foreseen in the future. 
179,Johto,Mareep,Electric,,115,40,40,65,45,35,Tackle,Growl,,,"Mareep's fluffy coat of wool rubs together and builds a static charge. The more static electricity is charged, the more brightly the lightbulb at the tip of its tail glows. "
180,Johto,Flaaffy,Electric,,130,55,55,80,60,45,Tackle,Growl,Thunder Shock,,Flaaffy's wool quality changes so that it can generate a high amount of static electricity with a small amount of wool. The bare and slick parts of its hide are shielded against electricity. 
181,Johto,Ampharos,Electric,,150,75,75,115,90,55,Tackle,Growl,Thunder Shock,Thunder,Ampharos gives off so much light that it can be seen even from space. People in the old days used the light of this Pokémon to send signals back and forth with others far away. 
182,Johto,Bellossom,Grass,,135,80,85,90,100,50,Growth,Acid,Leaf Blade,Petal Dance,"When Bellossom gets exposed to plenty of sunlight, the leaves ringing its body begin to spin around. This Pokémon's dancing is renowned in the southern lands. "
183,Johto,Marill,Water,Fairy,130,20,50,20,50,40,Tackle,Water Gun,,,"Marill's oil-filled tail acts much like a life preserver. If you see just its tail bobbing on the water's surface, it's a sure indication that this Pokémon is diving beneath the water to feed on aquatic plants. "
184,Johto,Azumarill,Water,Fairy,160,50,80,50,80,50,Tackle,Water Gun,Double-Edge,Hydro Pump,"Azumarill's long ears are indispensable sensors. By focusing its hearing, this Pokémon can identify what kinds of prey are around, even in rough and fast-running rivers. "
185,Johto,Sudowoodo,Rock,,130,100,115,30,65,30,Slam,Rock Throw,Low Kick,Double-Edge,"Sudowoodo camouflages itself as a tree to avoid being attacked by enemies. However, because its hands remain green throughout the year, the Pokémon is easily identified as a fake during the winter. "
186,Johto,Politoad,Water,,150,75,75,90,100,70,Bubble,Pound,Bubble Beam,Hyper Voice,"The curled hair on Politoed's head is proof of its status as a king. It is said that the longer and more curled the hair, the more respect this Pokémon earns from its peers. "
187,Johto,Hoppip,Grass,Flying,95,35,40,35,55,50,Tackle,Tail Whip,,,"This Pokémon drifts and floats with the wind. If it senses the approach of strong winds, Hoppip links its leaves with other Hoppip to prepare against being blown away. "
188,Johto,Skiploom,Grass,Flying,115,45,50,45,65,80,Tackle,Tail Whip,Energy Ball,,"Skiploom's flower blossoms when the temperature rises above 64 degrees Fahrenheit. How much the flower opens depends on the temperature. For that reason, this Pokémon is sometimes used as a thermometer. "
189,Johto,Jumpluff,Grass,Flying,135,55,70,55,85,110,Tackle,Tail Whip,Energy Ball,Acrobatics,Jumpluff rides warm southern winds to cross the sea and fly to foreign lands. The Pokémon descends to the ground when it encounters cold air while it is floating.
190,Johto,Aipom,Normal,,115,70,55,40,55,85,Scratch,Tail Whip,Swift,Sand Attack,"Aipom's tail ends in a hand-like appendage that can be cleverly manipulated. However, because the Pokémon uses its tail so much, its real hands have become rather clumsy."
191,Johto,Sunkern,Grass,,90,30,30,30,30,30,Growth,Razor Leaf,,,"Sunkern tries to move as little as it possibly can. It does so because it tries to conserve all the nutrients it has stored in its body for its evolution. It will not eat a thing, subsisting only on morning dew. "
192,Johto,Sunflora,Grass,,135,75,55,105,85,30,Growth,Razor Leaf,Double-Edge,Seed Bomb,Sunflora converts solar energy into nutrition. It moves around actively in the daytime when it is warm. It stops moving as soon as the sun goes down for the night. 
193,Johto,Yanma,Bug,Flying,125,65,45,75,45,95,Tackle,Wing Attack,Double Team,Bug Buzz,Yanma is capable of seeing 360 degrees without having to move its eyes. It is a great flier that is adept at making sudden stops and turning midair. This Pokémon uses its flying ability to quickly chase down targeted prey. 
194,Johto,Wooper,Water,Ground,115,45,45,25,25,15,Water Gun,Tail Whip,,,"Wooper usually lives in water. However, it occasionally comes out onto land in search of food. On land, it coats its body with a gooey, toxic film. "
195,Johto,Quagsire,Water,Ground,155,85,85,65,65,35,Water Gun,Tail Whip,Muddy Water,Earthquake,"Quagsire hunts for food by leaving its mouth wide open in water and waiting for its prey to blunder in unaware. Because the Pokémon does not move, it does not get very hungry. "
196,Johto,Espeon,Psychic,,125,65,60,130,95,110,Quick Attack,Tail Whip,Psybeam,Psychic,Espeon is extremely loyal to any Trainer it considers to be worthy. It is said that this Pokémon developed its precognitive powers to protect its Trainer from harm. 
197,Johto,Umbreon,Dark,,155,65,110,60,130,65,Quick Attack,Tail Whip,Pursuit,Feint Attack,Umbreon evolved as a result of exposure to the moon's waves. It hides silently in darkness and waits for its foes to make a move. The rings on its body glow when it leaps to attack. 
198,Johto,Murkrow,Dark,Flying,120,85,42,85,42,91,Peck,Pursuit,Wing Attack,Sucker Punch,Murkrow was feared and loathed as the alleged bearer of ill fortune. This Pokémon shows strong interest in anything that sparkles or glitters. It will even try to steal rings from women. 
199,Johto,Slowking,Water,Psychic,155,75,80,100,110,30,Tackle,Growl,Water Pulse,Psychic,"Slowking undertakes research every day in an effort to solve the mysteries of the world. However, this Pokémon apparently forgets everything it has learned if the Shellder on its head comes off. "
200,Johto,Misdreavus,Ghost,,120,60,60,85,85,85,Confuse Ray,Astonish,Psybeam,Shadow Ball,"Misdreavus frightens people with a creepy, sobbing cry. The Pokémon apparently uses its red spheres to absorb the fearful feelings of foes and turn them into nutrition. "
201,Johto,Unown,Psychic,,108,72,48,72,48,48,Hidden Power,,,,"This Pokémon is shaped like ancient writing. It is a mystery as to which came first, the ancient writings or the various Unown. Research into this topic is ongoing but nothing is known. "
202,Johto,Wobbuffet,Psychic,,250,22,58,22,58,33,Counter,Mirror Coat,,,"If two or more Wobbuffet meet, they will turn competitive and try to outdo each other's endurance. However, they may try to see which one can endure the longest without food. Trainers need to beware of this habit. "
203,Johto,Girafarig,Normal,Psychic,130,80,65,90,65,85,Tackle,Growl,Confusion,Stomp,"Girafarig's rear head also has a brain, but it is small. The rear head attacks in response to smells and sounds. Approaching this Pokémon from behind can cause the rear head to suddenly lash out and bite. "
204,Johto,Pineco,Bug,,110,65,90,35,35,15,Tackle,Bug Bite,,,"Pineco hangs from a tree branch and patiently waits for prey to come along. If the Pokémon is disturbed while eating by someone shaking its tree, it drops down to the ground and explodes with no warning. "
205,Johto,Forretress,Bug,Steel,135,90,140,60,60,40,Tackle,Bug Bite,Take Down,Iron Defence,"Forretress conceals itself inside its hardened steel shell. The shell is opened when the Pokémon is catching prey, but it does so at such a quick pace that the shell's inside cannot be seen. "
206,Johto,Dunsparce,Normal,,160,70,70,65,65,45,Defence Curl,Pursuit,Screech,Double-Edge,Dunsparce has a drill for its tail. It uses this tail to burrow into the ground backward. This Pokémon is known to make its nest in complex shapes deep under the ground. 
207,Johto,Gligar,Ground,Flying,125,75,105,35,65,85,Poison Sting,Harden,Acrobatics,X-Scissor,"Gligar glides through the air without a sound as if it were sliding. This Pokémon hangs on to the face of its foe using its clawed hind legs and the large pincers on its forelegs, then injects the prey with its poison barb. "
208,Johto,Steelix,Steel,Ground,135,85,200,55,65,30,Tackle,Harden,Double-Edge,Iron Tail,Steelix lives even further underground than Onix. This Pokémon is known to dig toward the earth's core. There are records of this Pokémon reaching a depth of over six-tenths of a mile underground. 
209,Johto,Snubbull,Fairy,,120,80,50,40,40,30,Tackle,Tail Whip,,,"By baring its fangs and making a scary face, Snubbull sends smaller Pokémon scurrying away in terror. However, this Pokémon seems a little sad at making its foes flee. "
210,Johto,Granbull,Fairy,,150,120,75,60,60,45,Tackle,Tail Whip,Crunch,Play Rough,"Granbull has a particularly well-developed lower jaw. The enormous fangs are heavy, causing the Pokémon to tip its head back for balance. Unless it is startled, it will not try to bite indiscriminately. "
211,Johto,Qwilfish,Water,Poison,125,95,85,55,55,85,Water Gun,Poison Sting,Harden,Poison Jab,"Qwilfish sucks in water, inflating itself. This Pokémon uses the pressure of the water it swallowed to shoot toxic quills all at once from all over its body. It finds swimming somewhat challenging. "
212,Johto,Scizor,Bug,Steel,130,130,100,55,80,65,Agility,Metal Claw,Swords Dance,X-Scissor,Scizor has a body with the hardness of steel. It is not easily fazed by ordinary sorts of attacks. This Pokémon flaps its wings to regulate its body temperature. 
213,Johto,Shuckle,Bug,Rock,80,10,230,10,230,5,Withdraw,Rock Throw,Bug Bite,Stone Edge,"Shuckle quietly hides itself under rocks, keeping its body concealed inside its hard shell while eating berries it has stored away. The berries mix with its body fluids to become a juice. "
214,Johto,Heracross,Bug,Fighting,140,125,75,40,95,85,Horn Attack,Leer,Counter,Brick Break,"Heracross charges in a straight line at its foe, slips beneath the foe's grasp, and then scoops up and hurls the opponent with its mighty horn. This Pokémon even has enough power to topple a massive tree. "
215,Johto,Sneasel,Dark,Ice,115,95,55,35,75,115,Scratch,Leer,Feint Attack,Icy Wind,Sneasel scales trees by punching its hooked claws into the bark. This Pokémon seeks out unguarded nests and steals eggs for food while the parents are away. 
216,Johto,Teddiursa,Normal,,120,80,50,50,50,40,Scratch,Charm,,,This Pokémon likes to lick its palms that are sweetened by being soaked in honey. Teddiursa concocts its own honey by blending fruits and pollen collected by Beedrill. 
217,Johto,Ursaring,Normal,,150,130,75,75,75,55,Scratch,Charm,Slash,Feint Attack,"In the forests inhabited by Ursaring, it is said that there are many streams and towering trees where they gather food. This Pokémon walks through its forest gathering food every day. "
218,Johto,Slugma,Fire,,100,40,40,70,40,20,Ember,Harden,,,"Molten magma courses throughout Slugma's circulatory system. If this Pokémon is chilled, the magma cools and hardens. Its body turns brittle and chunks fall off, reducing its size. "
219,Johto,Magcargo,Fire,Rock,110,50,120,80,80,30,Ember,Harden,Rock Throw,Flamethrower,Magcargo's shell is actually its skin that hardened as a result of cooling. Its shell is very brittle and fragile - just touching it causes it to crumble apart. This Pokémon returns to its original size by dipping itself in magma. 
220,Johto,Swinub,Ice,Ground,110,50,40,30,30,50,Tackle,Icy Wind,,,Swinub roots for food by rubbing its snout against the ground. Its favorite food is a mushroom that grows under the cover of dead grass. This Pokémon occasionally roots out hot springs. 
221,Johto,Piloswine,Ice,Ground,160,100,80,60,60,50,Tackle,Icy Wind,Earthquake,Blizzard,Piloswine is covered by a thick coat of long hair that enables it to endure the freezing cold. This Pokémon uses its tusks to dig up food that has been buried under ice. 
222,Johto,Corsola,Water,Rock,125,55,95,65,95,35,Tackle,Harden,Ancient Power,Bubble Beam,"Corsola's branches glitter very beautifully in seven colors when they catch sunlight. If any branch breaks off, this Pokémon grows it back in just one night. "
223,Johto,Remoraid,Water,,95,65,35,65,35,65,Water Gun,Bubble Beam,,,"Remoraid sucks in water, then expels it at high velocity using its abdominal muscles to shoot down flying prey. When evolution draws near, this Pokémon travels downstream from rivers. "
224,Johto,Octillery,Water,,135,105,75,105,75,45,Water Gun,Bubble Beam,Psybeam,Hydro Pump,"Octillery grabs onto its foe using its tentacles. This Pokémon tries to immobilize it before delivering the finishing blow. If the foe turns out to be too strong, Octillery spews ink to escape. "
225,Johto,Delibird,Ice,Flying,105,55,45,65,45,75,Present,Drill Peck,,,"Delibird carries its food bundled up in its tail. There once was a famous explorer who managed to reach the peak of the world's highest mountain, thanks to one of these Pokémon sharing its food. "
226,Johto,Mantine,Water,Flying,125,40,70,80,140,70,Tackle,Bubble,Wing Attack,Hydro Pump,"On sunny days, schools of Mantine can be seen elegantly leaping over the sea's waves. This Pokémon is not bothered by the Remoraid that hitches rides. "
227,Johto,Skarmory,Steel,Flying,125,80,140,40,70,70,Peck,Leer,Steel Wing,Air Slash,"Skarmory is entirely encased in hard, protective armor. This Pokémon flies at close to 190 mph. It slashes foes with its wings that possess swordlike cutting edges. "
228,Johto,Houndour,Dark,Fire,105,60,30,80,50,65,Ember,Leer,,,Houndour hunt as a coordinated pack. They communicate with each other using a variety of cries to corner their prey. This Pokémon's remarkable teamwork is unparalleled. 
229,Johto,Houndoom,Dark,Fire,135,90,50,110,80,95,Ember,Leer,Feint Attack,Flamethrower,"In a Houndoom pack, the one with its horns raked sharply toward the back serves a leadership role. These Pokémon choose their leader by fighting among themselves. "
230,Johto,Kingdra,Water,Dragon,135,95,95,95,95,85,Water Gun,Leer,Dragon Pulse,Hydro Pump,Kingdra lives at extreme ocean depths that are otherwise uninhabited. It has long been believed that the yawning of this Pokémon creates spiraling ocean currents. 
231,Johto,Phanpy,Ground,,150,60,60,40,40,40,Tackle,Growl,,,"For its nest, Phanpy digs a vertical pit in the ground at the edge of a river. It marks the area around its nest with its trunk to let the others know that the area has been claimed. "
232,Johto,Donphan,Ground,,150,120,120,60,60,50,Tackle,Growl,Rollout,Double-Edge,"Donphan's favorite attack is curling its body into a ball, then charging at its foe while rolling at high speed. Once it starts rolling, this Pokémon can't stop very easily. "
233,Johto,Porygon2,Normal,,145,80,90,105,95,60,Tackle,Defence Curl,Psybeam,Tri Attack,Porygon2 was created by humans using the power of science. The man-made Pokémon has been endowed with artificial intelligence that enables it to learn new gestures and emotions on its own. 
234,Johto,Stantler,Normal,,133,95,62,85,65,85,Tackle,Leer,Stomp,Take Down,"Stantler's magnificent antlers were traded at high prices as works of art. As a result, this Pokémon was hunted close to extinction by those who were after the priceless antlers. "
235,Johto,Smeargle,Normal,,115,20,35,20,45,75,Sketch,Sketch,Sketch,Sketch,"Smeargle marks the boundaries of its territory using a body fluid that leaks out from the tip of its tail. Over 5,000 different marks left by this Pokémon have been found. "
236,Johto,Tyrogue,Fighting,,95,35,35,35,35,35,Tackle,,,,"Tyrogue becomes stressed out if it does not get to train every day. When raising this Pokémon, the Trainer must establish and uphold various training methods. "
237,Johto,Hitmontop,Fighting,,110,95,95,35,110,70,Rolling Kick,Pursuit,Counter,Agility,"Hitmontop spins on its head at high speed, all the while delivering kicks. This technique is a remarkable mix of both offense and defense at the same time. The Pokémon travels faster spinning than it does walking. "
238,Johto,Smoochum,Ice,Psychic,105,30,15,85,65,65,Pound,Powder Snow,Confusion,,"Smoochum actively runs about, but also falls quite often. Whenever the chance arrives, it will look for its reflection to make sure its face hasn't become dirty. "
239,Johto,Elekid,Electric,,105,63,37,65,55,95,Leer,Thunder Punch,Thunder Shock,,"Elekid stores electricity in its body. If it touches metal and accidentally discharges all its built-up electricity, this Pokémon begins swinging its arms in circles to recharge itself. "
240,Johto,Magby,Fire,,105,75,37,70,55,83,Leer,Ember,Fire Punch,,"Magby's state of health is determined by observing the fire it breathes. If the Pokémon is spouting yellow flames from its mouth, it is in good health. When it is fatigued, black smoke will be mixed in with the flames. "
241,Johto,Miltank,Normal,,155,80,105,40,70,100,Tackle,Defence Curl,Body Slam,Rollout,Miltank gives over five gallons of milk on a daily basis. Its sweet milk is enjoyed by children and grown-ups alike. People who can't drink milk turn it into yogurt and eat it instead. 
242,Johto,Blissey,Normal,,315,10,10,75,135,55,Pound,Defence Curl,Double-Edge,Egg Bomb,"Blissey senses sadness with its fluffy coat of fur. If it does so, this Pokémon will rush over to a sad person, no matter how far away, to share a Lucky Egg that brings a smile to any face. "
243,Johto,Raikou,Electric,,150,85,75,115,100,115,Bite,Thunder Shock,Calm Mind,Thunder,Raikou embodies the speed of lightning. The roars of this Pokémon send shock waves shuddering through the air and shake the ground as if lightning bolts had come crashing down. 
244,Johto,Entei,Fire,,175,115,85,90,75,100,Bite,Flamethrower,Calm Mind,Fire Blast,Entei embodies the passion of magma. This Pokémon is thought to have been born in the eruption of a volcano. It sends up massive bursts of fire that utterly consume all that they touch. 
245,Johto,Suicune,Water,,160,75,115,90,115,85,Bite,Aurora Beam,Calm Mind,Blizzard,Suicune embodies the compassion of a pure spring of water. It runs across the land with gracefulness. This Pokémon has the power to purify dirty water. 
246,Johto,Larvitar,Rock,Ground,110,64,50,45,50,41,Bite,Leer,,,"Larvitar is born deep under the ground. To come up to the surface, this Pokémon must eat its way through the soil above. Until it does so, Larvitar cannot see its parents. "
247,Johto,Pupitar,Rock,Ground,130,84,70,65,70,51,Bite,Leer,Stone Edge,,Pupitar creates a gas inside its body that it compresses and forcefully ejects to propel itself like a jet. The body is very durable--it avoids damage even if it hits solid steel. 
248,Johto,Tyranitar,Rock,Dark,160,134,110,95,100,61,Bite,Leer,Stone Edge,Earthquake,"Tyranitar is so overwhelmingly powerful, it can bring down a whole mountain to make its nest. This Pokémon wanders about in mountains seeking new opponents to fight. "
249,Johto,Lugia,Psychic,Flying,166,90,130,90,154,110,Gust,Extrasensory,Calm Mind,Hydro Pump,"Lugia's wings pack devastating power - a light fluttering of its wings can blow apart regular houses. As a result, this Pokémon chooses to live out of sight deep under the sea. "
250,Johto,Ho-Oh,Fire,Flying,166,130,90,110,154,90,Gust,Ancient Power,Calm Mind,Fire Blast,Ho-Oh's feathers glow in seven colors depending on the angle at which they are struck by light. These feathers are said to bring happiness to the bearers. This Pokémon is said to live at the foot of a rainbow. 
251,Johto,Celebi,Psychic,Grass,160,100,100,100,100,100,Confusion,Recover,Ancient Power,Leaf Storm,"This Pokémon came from the future by crossing over time. It is thought that so long as Celebi appears, a bright and shining future awaits us. "
